{
    "decision_tree": {
        "accuracy": 0.14634146341463414
    },
    "rf": {
        "accuracy": 0.9983739837398374
    },
    "ensemble": {
        "accuracy": 0.9983739837398374
    }
}